{
  "baseline": {
    "solution": [
      30,
      30,
      4,
      30,
      4,
      30,
      4,
      30,
      4,
      30,
      30,
      4,
      30,
      4,
      30,
      4,
      30,
      4,
      30,
      4,
      30,
      4,
      30,
      4,
      30,
      4,
      30,
      4,
      30,
      4,
      30,
      4,
      30,
      4,
      30,
      4,
      30,
      4,
      30,
      4,
      30,
      4,
      30,
      30,
      4,
      30,
      4,
      30,
      4,
      30,
      4,
      30
    ],
    "cost": 187.1,
    "metrics": {
      "total_time": 2542.0,
      "max_stop": 65.0,
      "wait_p95": 62.150000000000006,
      "avg_wait": 30.0,
      "vehicles": 20,
      "completed_ids": [
        "trip_4",
        "trip_3",
        "trip_1",
        "trip_5",
        "trip_7",
        "trip_6",
        "trip_2",
        "trip_0",
        "trip_19",
        "trip_14",
        "trip_11",
        "trip_15",
        "trip_13",
        "trip_10",
        "trip_16",
        "trip_9",
        "trip_8",
        "trip_17",
        "trip_18",
        "trip_12"
      ]
    }
  },
  "optimized": {
    "solution": [
      "27",
      "55",
      "4",
      "78",
      "3",
      "66",
      "3",
      "40",
      3,
      "84",
      "25",
      3,
      "25",
      "4",
      "90",
      "4",
      "19",
      "4",
      "47",
      4,
      "47",
      "4",
      "96",
      "4",
      "57",
      "3",
      "61",
      "3",
      "54",
      "4",
      "70",
      "3",
      "29",
      "4",
      "21",
      "4",
      "41",
      "3",
      "15",
      "3",
      "89",
      "3",
      "95",
      "63",
      "3",
      "56",
      "4",
      "78",
      "3",
      62,
      "4",
      "92"
    ],
    "cost": 185.35,
    "metrics": {
      "total_time": 2507.0,
      "max_stop": 112.0,
      "wait_p95": 96.80000000000001,
      "avg_wait": 29.3,
      "vehicles": 20,
      "completed_ids": [
        "trip_4",
        "trip_3",
        "trip_1",
        "trip_0",
        "trip_5",
        "trip_6",
        "trip_7",
        "trip_2",
        "trip_11",
        "trip_19",
        "trip_10",
        "trip_16",
        "trip_14",
        "trip_9",
        "trip_15",
        "trip_8",
        "trip_13",
        "trip_18",
        "trip_17",
        "trip_12"
      ]
    }
  },
  "improvement": {
    "percent": 0.9353287012292892,
    "absolute": 1.75
  }
}