{
  "baseline": {
    "solution": [
      30,
      30,
      4,
      30,
      4,
      30,
      4,
      30,
      4,
      30,
      30,
      4,
      30,
      4,
      30,
      4,
      30,
      4,
      30,
      4,
      30,
      4,
      30,
      4,
      30,
      4,
      30,
      4,
      30,
      4,
      30,
      4,
      30,
      4,
      30,
      4,
      30,
      4,
      30,
      4,
      30,
      4,
      30,
      30,
      4,
      30,
      4,
      30,
      4,
      30,
      4,
      30
    ],
    "cost": 166.04545454545456,
    "metrics": {
      "total_time": 1183.0,
      "max_stop": 63.0,
      "wait_p95": 58.5,
      "avg_wait": 19.454545454545453,
      "vehicles": 11,
      "completed_ids": [
        "trip_1",
        "trip_3",
        "trip_5",
        "trip_6",
        "trip_0",
        "trip_2",
        "trip_14",
        "trip_11",
        "trip_19",
        "trip_16",
        "trip_10"
      ]
    }
  },
  "optimized": {
    "solution": [
      "81",
      "50",
      "3",
      32,
      "3",
      "30",
      4,
      "39",
      "3",
      "89",
      "66",
      "4",
      "71",
      "4",
      48,
      4,
      39,
      "4",
      "52",
      3,
      "96",
      "4",
      "21",
      "4",
      "84",
      "4",
      84,
      "4",
      "62",
      "4",
      "28",
      "4",
      "42",
      3,
      29,
      "4",
      "70",
      "3",
      "32",
      "4",
      "25",
      "3",
      "86",
      "47",
      "3",
      "88",
      "3",
      "55",
      "4",
      "76",
      "4",
      "94"
    ],
    "cost": 100.33333333333333,
    "metrics": {
      "total_time": 533.0,
      "max_stop": 13.0,
      "wait_p95": 11.5,
      "avg_wait": 3.3333333333333335,
      "vehicles": 6,
      "completed_ids": [
        "trip_1",
        "trip_3",
        "trip_5",
        "trip_0",
        "trip_6",
        "trip_2"
      ]
    }
  },
  "improvement": {
    "percent": 39.574778720686204,
    "absolute": 65.71212121212123
  }
}