{
  "analysis_timestamp": "2025-08-31 17:20:40",
  "parameters": {
    "grid_size": 4,
    "n_vehicles": 20,
    "simulation_time": 2000,
    "n_ants": 50,
    "n_iterations": 100,
    "training_seed": 42,
    "test_seeds": [
      123,
      456,
      789,
      999,
      111,
      222,
      333,
      444,
      555,
      666
    ]
  },
  "patterns": {
    "commuter": {
      "training": {
        "training_cost": 155.00000000000003,
        "training_time": 1511.2870833873749,
        "convergence_history": [
          226.0,
          222.25,
          222.25,
          222.25,
          222.25,
          200.85000000000002,
          184.15000000000003,
          184.15000000000003,
          184.15000000000003,
          184.15000000000003,
          184.15000000000003,
          184.15000000000003,
          184.15000000000003,
          178.5,
          178.5,
          178.5,
          178.5,
          178.5,
          178.5,
          178.5,
          178.5,
          178.5,
          178.5,
          178.5,
          178.5,
          178.5,
          178.5,
          178.5,
          178.5,
          178.5,
          178.5,
          173.80000000000013,
          173.80000000000013,
          173.80000000000013,
          173.80000000000013,
          173.80000000000013,
          173.80000000000013,
          173.80000000000013,
          173.80000000000013,
          173.80000000000013,
          173.80000000000013,
          173.80000000000013,
          173.80000000000013,
          173.80000000000013,
          173.80000000000013,
          170.55,
          155.00000000000003,
          155.00000000000003,
          155.00000000000003,
          155.00000000000003,
          155.00000000000003,
          155.00000000000003,
          155.00000000000003,
          155.00000000000003,
          155.00000000000003,
          155.00000000000003,
          155.00000000000003,
          155.00000000000003,
          155.00000000000003,
          155.00000000000003,
          155.00000000000003,
          155.00000000000003,
          155.00000000000003,
          155.00000000000003,
          155.00000000000003,
          155.00000000000003,
          155.00000000000003,
          155.00000000000003,
          155.00000000000003,
          155.00000000000003,
          155.00000000000003,
          155.00000000000003,
          155.00000000000003,
          155.00000000000003,
          155.00000000000003,
          155.00000000000003,
          155.00000000000003,
          155.00000000000003,
          155.00000000000003,
          155.00000000000003,
          155.00000000000003,
          155.00000000000003,
          155.00000000000003,
          155.00000000000003,
          155.00000000000003,
          155.00000000000003,
          155.00000000000003,
          155.00000000000003,
          155.00000000000003,
          155.00000000000003,
          155.00000000000003,
          155.00000000000003,
          155.00000000000003,
          155.00000000000003,
          155.00000000000003,
          155.00000000000003,
          155.00000000000003,
          155.00000000000003,
          155.00000000000003,
          155.00000000000003
        ]
      },
      "cross_seed_evaluation": {
        "successful_evaluations": 10,
        "avg_optimized_cost": 228.09,
        "avg_baseline_cost": 209.56,
        "std_optimized_cost": 9.315009393446672,
        "std_baseline_cost": 17.085809901786916,
        "overall_improvement": -8.842336323725903,
        "optimized_costs": [
          226.8,
          241.35,
          222.95,
          233.2,
          219.4500000000001,
          211.35000000000002,
          237.1,
          221.7,
          240.65,
          226.35
        ],
        "baseline_costs": [
          224.85000000000002,
          203.65,
          177.25,
          216.8,
          206.40000000000003,
          182.80000000000004,
          229.85,
          228.9,
          209.05,
          216.05
        ]
      },
      "baseline_comparison": {
        "training_baseline_cost": 183.3,
        "training_improvement": 15.439170758319683
      }
    },
    "industrial": {
      "training": {
        "training_cost": 212.25,
        "training_time": 1390.74525308609,
        "convergence_history": [
          255.85,
          255.85,
          250.45,
          250.45,
          247.85,
          247.85,
          247.85,
          245.3,
          245.3,
          245.3,
          245.3,
          245.3,
          245.3,
          245.3,
          245.3,
          245.3,
          244.95,
          240.3,
          240.3,
          240.3,
          240.3,
          240.3,
          240.3,
          240.3,
          240.3,
          240.3,
          240.3,
          240.3,
          240.3,
          240.3,
          240.3,
          240.3,
          240.3,
          240.3,
          240.3,
          240.3,
          239.6,
          239.6,
          239.6,
          239.6,
          239.6,
          239.6,
          239.6,
          239.6,
          239.6,
          239.6,
          237.3,
          237.3,
          237.3,
          237.3,
          237.3,
          237.3,
          237.3,
          237.3,
          237.3,
          237.3,
          237.3,
          237.3,
          234.45000000000002,
          234.45000000000002,
          234.45000000000002,
          234.45000000000002,
          234.45000000000002,
          234.45000000000002,
          234.45000000000002,
          234.45000000000002,
          234.45000000000002,
          234.45000000000002,
          234.45000000000002,
          234.45000000000002,
          234.45000000000002,
          234.45000000000002,
          234.45000000000002,
          234.45000000000002,
          226.45,
          226.45,
          226.45,
          226.45,
          226.45,
          226.45,
          226.45,
          226.45,
          212.25,
          212.25,
          212.25,
          212.25,
          212.25,
          212.25,
          212.25,
          212.25,
          212.25,
          212.25,
          212.25,
          212.25,
          212.25,
          212.25,
          212.25,
          212.25,
          212.25,
          212.25
        ]
      },
      "cross_seed_evaluation": {
        "successful_evaluations": 10,
        "avg_optimized_cost": 247.85500000000002,
        "avg_baseline_cost": 223.11999999999998,
        "std_optimized_cost": 13.778614770723506,
        "std_baseline_cost": 18.802010530791637,
        "overall_improvement": -11.085962710648998,
        "optimized_costs": [
          254.8,
          269.45,
          245.25,
          247.7,
          213.25,
          246.2,
          260.95,
          248.4,
          246.5,
          246.05
        ],
        "baseline_costs": [
          209.75,
          226.1,
          184.25000000000006,
          239.1,
          219.0,
          210.05,
          255.85,
          240.10000000000002,
          219.39999999999998,
          227.60000000000002
        ]
      },
      "baseline_comparison": {
        "training_baseline_cost": 244.6,
        "training_improvement": 13.225674570727715
      }
    },
    "random": {
      "training": {
        "training_cost": 159.10000000000002,
        "training_time": 1412.1139433383942,